{
    "info": "An cellphone lens (80deg FoV, F/2.0) designed by DeepLens, Xinge Yang",
    "foclen": 5.2527,
    "fnum": 26.2636,
    "r_sensor": 3.5649999999999995,
    "(d_sensor)": 8.0938,
    "(sensor_size)": [
        5.0417,
        5.0417
    ],
    "surfaces": [
        {
            "idx": 1,
            "type": "Aperture",
            "r": 0.1,
            "(d)": 0.0,
            "mat2": "air",
            "is_square": false,
            "diffraction": false,
            "d_next": 0.0999
        },
        {
            "idx": 2,
            "type": "Aspheric",
            "r": 1.19,
            "(c)": 0.0596,
            "roc": 16.7719,
            "d": 0.0999,
            "k": 7.4336,
            "ai": [
                0.02154732,
                -0.01895112,
                -0.001603225,
                -0.0004797195,
                -0.0003250984,
                -0.0003486396
            ],
            "mat2": "pmma",
            "(ai2)": 0.02154732,
            "(ai4)": -0.01895112,
            "(ai6)": -0.001603225,
            "(ai8)": -0.0004797195,
            "(ai10)": -0.0003250984,
            "(ai12)": -0.0003486396,
            "d_next": 0.865
        },
        {
            "idx": 3,
            "type": "Aspheric",
            "r": 1.45,
            "(c)": -0.0466,
            "roc": -21.4553,
            "d": 0.9649,
            "k": 10.2923,
            "ai": [
                -0.06379731,
                -0.01894368,
                0.0008294521,
                0.0001860371,
                2.039417e-05,
                -1.841601e-05
            ],
            "mat2": "air",
            "(ai2)": -0.06379731,
            "(ai4)": -0.01894368,
            "(ai6)": 0.0008294521,
            "(ai8)": 0.0001860371,
            "(ai10)": 2.039417e-05,
            "(ai12)": -1.841601e-05,
            "d_next": 0.3492
        },
        {
            "idx": 4,
            "type": "Aspheric",
            "r": 1.565,
            "(c)": -0.0527,
            "roc": -18.9726,
            "d": 1.3141,
            "k": 2.9115,
            "ai": [
                -0.1175475,
                0.0007868167,
                0.001188277,
                1.487335e-05,
                -1.508666e-05,
                -5.52692e-07
            ],
            "mat2": "okp4",
            "(ai2)": -0.1175475,
            "(ai4)": 0.0007868167,
            "(ai6)": 0.001188277,
            "(ai8)": 1.487335e-05,
            "(ai10)": -1.508666e-05,
            "(ai12)": -5.52692e-07,
            "d_next": 0.7977
        },
        {
            "idx": 5,
            "type": "Aspheric",
            "r": 1.85,
            "(c)": -0.0272,
            "roc": -36.797,
            "d": 2.1119,
            "k": -9.8002,
            "ai": [
                -0.07320643,
                -0.007446682,
                -0.001643489,
                -0.0001842935,
                -1.303374e-05,
                -3.092388e-06
            ],
            "mat2": "air",
            "(ai2)": -0.07320643,
            "(ai4)": -0.007446682,
            "(ai6)": -0.001643489,
            "(ai8)": -0.0001842935,
            "(ai10)": -1.303374e-05,
            "(ai12)": -3.092388e-06,
            "d_next": 0.1711
        },
        {
            "idx": 6,
            "type": "Aspheric",
            "r": 2.095,
            "(c)": 0.0372,
            "roc": 26.8978,
            "d": 2.283,
            "k": 0.8904,
            "ai": [
                0.09761525,
                -0.0009889143,
                0.0002306456,
                4.937363e-05,
                4.578937e-06,
                3.377702e-06
            ],
            "mat2": "coc",
            "(ai2)": 0.09761525,
            "(ai4)": -0.0009889143,
            "(ai6)": 0.0002306456,
            "(ai8)": 4.937363e-05,
            "(ai10)": 4.578937e-06,
            "(ai12)": 3.377702e-06,
            "d_next": 0.843
        },
        {
            "idx": 7,
            "type": "Aspheric",
            "r": 2.095,
            "(c)": -0.0406,
            "roc": -24.6577,
            "d": 3.126,
            "k": -2.6229,
            "ai": [
                -0.05435652,
                1.979253e-05,
                0.0003987109,
                3.733638e-05,
                3.280062e-06,
                -1.905089e-06
            ],
            "mat2": "air",
            "(ai2)": -0.05435652,
            "(ai4)": 1.979253e-05,
            "(ai6)": 0.0003987109,
            "(ai8)": 3.733638e-05,
            "(ai10)": 3.280062e-06,
            "(ai12)": -1.905089e-06,
            "d_next": 0.6341
        },
        {
            "idx": 8,
            "type": "Aspheric",
            "r": 2.065,
            "(c)": -0.0452,
            "roc": -22.1315,
            "d": 3.76,
            "k": 2.1761,
            "ai": [
                -0.1019585,
                -0.01583796,
                -0.0007793479,
                -6.674664e-05,
                -5.041862e-06,
                9.539178e-07
            ],
            "mat2": "polycarb",
            "(ai2)": -0.1019585,
            "(ai4)": -0.01583796,
            "(ai6)": -0.0007793479,
            "(ai8)": -6.674664e-05,
            "(ai10)": -5.041862e-06,
            "(ai12)": 9.539178e-07,
            "d_next": 0.4529
        },
        {
            "idx": 9,
            "type": "Aspheric",
            "r": 2.335,
            "(c)": -0.0133,
            "roc": -75.2116,
            "d": 4.2129,
            "k": -84.8271,
            "ai": [
                -0.002448248,
                0.0008082702,
                -0.0009467638,
                -0.0001075931,
                -7.264235e-06,
                -8.33142e-07
            ],
            "mat2": "air",
            "(ai2)": -0.002448248,
            "(ai4)": 0.0008082702,
            "(ai6)": -0.0009467638,
            "(ai8)": -0.0001075931,
            "(ai10)": -7.264235e-06,
            "(ai12)": -8.33142e-07,
            "d_next": 0.4742
        },
        {
            "idx": 10,
            "type": "Aspheric",
            "r": 2.35,
            "(c)": -0.0151,
            "roc": -66.1436,
            "d": 4.6871,
            "k": -16.8412,
            "ai": [
                0.02979806,
                -0.007465624,
                7.293544e-06,
                9.582463e-06,
                -1.544677e-05,
                -4.169086e-06
            ],
            "mat2": "coc",
            "(ai2)": 0.02979806,
            "(ai4)": -0.007465624,
            "(ai6)": 7.293544e-06,
            "(ai8)": 9.582463e-06,
            "(ai10)": -1.544677e-05,
            "(ai12)": -4.169086e-06,
            "d_next": 0.7129
        },
        {
            "idx": 11,
            "type": "Aspheric",
            "r": 2.455,
            "(c)": -0.0517,
            "roc": -19.3401,
            "d": 5.4,
            "k": 5.2538,
            "ai": [
                -0.06859171,
                0.001314698,
                -0.0004123315,
                -8.18315e-05,
                -2.115623e-06,
                3.851267e-06
            ],
            "mat2": "air",
            "(ai2)": -0.06859171,
            "(ai4)": 0.001314698,
            "(ai6)": -0.0004123315,
            "(ai8)": -8.18315e-05,
            "(ai10)": -2.115623e-06,
            "(ai12)": 3.851267e-06,
            "d_next": 0.734
        },
        {
            "idx": 12,
            "type": "Aspheric",
            "r": 2.585,
            "(c)": -0.0725,
            "roc": -13.7998,
            "d": 6.134,
            "k": 2.4463,
            "ai": [
                -0.03702028,
                -0.006348503,
                -0.0006101737,
                -1.739091e-05,
                2.873702e-06,
                7.782928e-07
            ],
            "mat2": "coc",
            "(ai2)": -0.03702028,
            "(ai4)": -0.006348503,
            "(ai6)": -0.0006101737,
            "(ai8)": -1.739091e-05,