{
    "info": "An cellphone lens (80deg FoV, F/2.0) designed by DeepLens, Xinge Yang",
    "foclen": 8.4472,
    "fnum": 4.2236,
    "r_sensor": 2.5649999999999995,
    "(d_sensor)": 10.0941,
    "(sensor_size)": [
        3.6275,
        3.6275
    ],
    "surfaces": [
        {
            "idx": 1,
            "type": "Aperture",
            "r": 1.0,
            "(d)": 0.0,
            "mat2": "air",
            "is_square": false,
            "diffraction": false,
            "d_next": 0.1
        },
        {
            "idx": 2,
            "type": "Aspheric",
            "r": 1.19,
            "(c)": 0.052,
            "roc": 19.2231,
            "d": 0.1,
            "k": 3.6949,
            "ai": [
                0.01481138,
                -0.01899095,
                -0.001603442,
                -0.0004797204,
                -0.0003250984,
                -0.0003486396
            ],
            "mat2": "pmma",
            "(ai2)": 0.01481138,
            "(ai4)": -0.01899095,
            "(ai6)": -0.001603442,
            "(ai8)": -0.0004797204,
            "(ai10)": -0.0003250984,
            "(ai12)": -0.0003486396,
            "d_next": 0.8686
        },
        {
            "idx": 3,
            "type": "Aspheric",
            "r": 1.45,
            "(c)": -0.0403,
            "roc": -24.8187,
            "d": 0.9686,
            "k": 6.9905,
            "ai": [
                -0.05659949,
                -0.0188999,
                0.0008296506,
                0.0001860366,
                2.03942e-05,
                -1.841601e-05
            ],
            "mat2": "air",
            "(ai2)": -0.05659949,
            "(ai4)": -0.0188999,
            "(ai6)": 0.0008296506,
            "(ai8)": 0.0001860366,
            "(ai10)": 2.03942e-05,
            "(ai12)": -1.841601e-05,
            "d_next": 0.3479
        },
        {
            "idx": 4,
            "type": "Aspheric",
            "r": 1.565,
            "(c)": -0.0592,
            "roc": -16.8943,
            "d": 1.3164,
            "k": 4.501,
            "ai": [
                -0.1250601,
                0.0007444903,
                0.001188212,
                1.487608e-05,
                -1.508656e-05,
                -5.52692e-07
            ],
            "mat2": "okp4",
            "(ai2)": -0.1250601,
            "(ai4)": 0.0007444903,
            "(ai6)": 0.001188212,
            "(ai8)": 1.487608e-05,
            "(ai10)": -1.508656e-05,
            "(ai12)": -5.52692e-07,
            "d_next": 0.7992
        },
        {
            "idx": 5,
            "type": "Aspheric",
            "r": 1.85,
            "(c)": -0.0199,
            "roc": -50.1796,
            "d": 2.1157,
            "k": -12.2308,
            "ai": [
                -0.06510057,
                -0.007418731,
                -0.001643801,
                -0.0001843015,
                -1.303387e-05,
                -3.092388e-06
            ],
            "mat2": "air",
            "(ai2)": -0.06510057,
            "(ai4)": -0.007418731,
            "(ai6)": -0.001643801,
            "(ai8)": -0.0001843015,
            "(ai10)": -1.303387e-05,
            "(ai12)": -3.092388e-06,
            "d_next": 0.1465
        },
        {
            "idx": 6,
            "type": "Aspheric",
            "r": 2.095,
            "(c)": 0.0287,
            "roc": 34.8512,
            "d": 2.2622,
            "k": -2.9496,
            "ai": [
                0.08816692,
                -0.001046019,
                0.0002299268,
                4.935779e-05,
                4.578737e-06,
                3.377702e-06
            ],
            "mat2": "coc",
            "(ai2)": 0.08816692,
            "(ai4)": -0.001046019,
            "(ai6)": 0.0002299268,
            "(ai8)": 4.935779e-05,
            "(ai10)": 4.578737e-06,
            "(ai12)": 3.377702e-06,
            "d_next": 0.8716
        },
        {
            "idx": 7,
            "type": "Aspheric",
            "r": 2.095,
            "(c)": -0.0316,
            "roc": -31.66,
            "d": 3.1337,
            "k": -4.3265,
            "ai": [
                -0.04464667,
                4.361018e-05,
                0.0003986087,
                3.734266e-05,
                3.280201e-06,
                -1.905089e-06
            ],
            "mat2": "air",
            "(ai2)": -0.04464667,
            "(ai4)": 4.361018e-05,
            "(ai6)": 0.0003986087,
            "(ai8)": 3.734266e-05,
            "(ai10)": 3.280201e-06,
            "(ai12)": -1.905089e-06,
            "d_next": 0.6258
        },
        {
            "idx": 8,
            "type": "Aspheric",
            "r": 2.065,
            "(c)": -0.006,
            "roc": -165.553,
            "d": 3.7596,
            "k": -6.5363,
            "ai": [
                -0.06285523,
                -0.01559182,
                -0.0007771314,
                -6.67253e-05,
                -5.041657e-06,
                9.539179e-07
            ],
            "mat2": "polycarb",
            "(ai2)": -0.06285523,
            "(ai4)": -0.01559182,
            "(ai6)": -0.0007771314,
            "(ai8)": -6.67253e-05,
            "(ai10)": -5.041657e-06,
            "(ai12)": 9.539179e-07,
            "d_next": 0.4566
        },
        {
            "idx": 9,
            "type": "Aspheric",
            "r": 2.335,
            "(c)": -0.0014,
            "roc": -733.2771,
            "d": 4.2162,
            "k": -86.9762,
            "ai": [
                0.01142637,
                0.0007330038,
                -0.0009484799,
                -0.0001076138,
                -7.264455e-06,
                -8.33142e-07
            ],
            "mat2": "air",
            "(ai2)": 0.01142637,
            "(ai4)": 0.0007330038,
            "(ai6)": -0.0009484799,
            "(ai8)": -0.0001076138,
            "(ai10)": -7.264455e-06,
            "(ai12)": -8.33142e-07,
            "d_next": 0.4688
        },
        {
            "idx": 10,
            "type": "Aspheric",
            "r": 2.35,
            "(c)": 0.0117,
            "roc": 85.5835,
            "d": 4.685,
            "k": -17.2478,
            "ai": [
                0.05436697,
                -0.007237294,
                9.343408e-06,
                9.60175e-06,
                -1.544666e-05,
                -4.169086e-06
            ],
            "mat2": "coc",
            "(ai2)": 0.05436697,
            "(ai4)": -0.007237294,
            "(ai6)": 9.343408e-06,
            "(ai8)": 9.60175e-06,
            "(ai10)": -1.544666e-05,
            "(ai12)": -4.169086e-06,
            "d_next": 0.7212
        },
        {
            "idx": 11,
            "type": "Aspheric",
            "r": 2.455,
            "(c)": -0.0368,
            "roc": -27.139,
            "d": 5.4062,
            "k": 12.5567,
            "ai": [
                -0.05110817,
                0.001171514,
                -0.00041457,
                -8.185573e-05,
                -2.115868e-06,
                3.851267e-06
            ],
            "mat2": "air",
            "(ai2)": -0.05110817,
            "(ai4)": 0.001171514,
            "(ai6)": -0.00041457,
            "(ai8)": -8.185573e-05,
            "(ai10)": -2.115868e-06,
            "(ai12)": 3.851267e-06,
            "d_next": 0.7212
        },
        {
            "idx": 12,
            "type": "Aspheric",
            "r": 2.585,
            "(c)": -0.084,
            "roc": -11.9111,
            "d": 6.1275,
            "k": -26.565,
            "ai": [
                -0.04112586,
                -0.005989076,
                -0.0006071492,
                -1.736397e-05,
                2.873947e-06,
                7.78293e-07
            ],
            "mat2": "coc",
            "(ai2)": -0.04112586,
            "(ai4)": -0.005989076,
            "(ai6)": -0.0006071492,
            "(ai8)": -1.736397e-05,
            "(ai10)": 2.873947e-06,